"Designators","Quantity","Manufacturer Part Number","LCSC","Package","Ratings / Supplier Description","Assembly Class","Stock checked 2026-09-30","Assembly process","Qualified substitute"
"J1","1","USB4105-GF-A","C3020560","SMD","-40℃~+85℃ 1 12P 48V 5A Black Female Surface Mount, Right Angle Type-C USB 2.0 SMD USB Connectors ROHS","Extended","11505","SMT plus shell stakes","None; revalidate any replacement"
"D1","1","TVS2200DRVR","C523793","WSON-6-EP(2x2)","-40℃~+125℃ 1.12kW@8/20us 105pF 22V 25.9V 27.7V 3.5nA 40A@8/20us IEC 61000-4-2、IEC 61000-4-5 TVS Unidirectional WSON-6-EP(2x2) ESD and Surge Protection (TVS/ESD) ROHS","Extended","871","SMT","None; revalidate any replacement"
"D2","1","TPD2E2U06DCKR","C1855726","SC-70-3","-40℃~+125℃ 1.5pF 10nA 12.4V 2 5.5A@8/20us 5.5V 6.5V 75W@8/20us Bidirectional IEC 61000-4-2、IEC 61000-4-5 TVS SC-70-3 ESD and Surge Protection (TVS/ESD) ROHS","Extended","3612","SMT","None; revalidate any replacement"
"U1","1","TPS25730DREFR","C22438973","QFN-38(4X6)","QFN-38(4X6) USB PD ROHS","Extended","878","SMT","None; revalidate any replacement"
"R1","1","RC0603FR-07162KL","C165760","0603","-55℃~+155℃ 100mW 162kΩ 75V Thick Film Resistor ±1% ±100ppm/℃ 0603 Chip Resistor - Surface Mount ROHS","Extended","17","SMT","None; revalidate any replacement"
"R2","1","RC0603FR-0738K3L","C137736","0603","-55℃~+155℃ 100mW 38.3kΩ 75V Thick Film Resistor ±1% ±100ppm/℃ 0603 Chip Resistor - Surface Mount ROHS","Extended","279","SMT","None; revalidate any replacement"
"R3","1","RC0603FR-0786K6L","C141683","0603","-55℃~+155℃ 100mW 75V 86.6kΩ Thick Film Resistor ±1% ±100ppm/℃ 0603 Chip Resistor - Surface Mount ROHS","Extended","587","SMT","None; revalidate any replacement"
"R4, R10, R20, R33, R34, R45, R53, R55, R61","9","RC0603FR-07100KL","C14675","0603","-55℃~+155℃ 100kΩ 100mW 75V Thick Film Resistor ±1% ±100ppm/℃ 0603 Chip Resistor - Surface Mount ROHS","Extended","5999","SMT","None; revalidate any replacement"
"R5, R16","2","RC0603FR-07191KL","C273767","0603","-55℃~+155℃ 100mW 191kΩ 75V Thick Film Resistor ±1% ±100ppm/℃ 0603 Chip Resistor - Surface Mount ROHS","Extended","1176","SMT","None; revalidate any replacement"
"R6","1","RC0603FR-079K53L","C273743","0603","-55℃~+155℃ 100mW 75V 9.53kΩ Thick Film Resistor ±1% ±100ppm/℃ 0603 Chip Resistor - Surface Mount ROHS","Extended","309","SMT","None; revalidate any replacement"
"C1, C4, C8, C41","4","GRM31CR71H475KA12L","C77096","1206","4.7uF 50V X7R ±10% 1206 Multilayer Ceramic Capacitors MLCC - SMD/SMT ROHS","Extended","18619","SMT","None; revalidate any replacement"
"C2, C3, C12","3","GRM32ER71H106KA12L","C77102","1210","10uF 50V X7R ±10% 1210 Multilayer Ceramic Capacitors MLCC - SMD/SMT ROHS","Extended","19671","SMT","None; revalidate any replacement"
"C5, C6, C32","3","GRM1885C1H331FA01D","C882521","0603","330pF 50V NP0、C0G ±1% 0603 Multilayer Ceramic Capacitors MLCC - SMD/SMT ROHS","Extended","134","SMT","None; revalidate any replacement"
"U3","1","TPS70933DBVR","C89347","SOT-23-5","-40℃~+125℃@(Tj) 1 1.4uA 150mA 190uVrms 3.3V 30V 80dB@(10Hz) 960mV@(150mA) Fixed Positive Under Voltage Lockout、Over Current Protection、Over Temperature Protection、Enable SOT-23-5 Voltage Regulators - Linear, Low Drop Out (LDO) Regulators ROHS","Extended","36250","SMT","None; revalidate any replacement"
"C7","1","GRM21BR71H105KA12L","C77083","0805","1uF 50V X7R ±10% 0805 Multilayer Ceramic Capacitors MLCC - SMD/SMT ROHS","Extended","120216","SMT","None; revalidate any replacement"
"U2, U5","2","TPS259470LRPWR","C3662793","VQFN-10-HR(2x2)","-40℃~+125℃ 1 1mm 2.7V~23V 28.3mΩ 2mm 2mm Integrated FET Surface Mount VQFN-10-HR(2x2) Surge Protection Devices (SPDs) ROHS","Extended","2834","SMT","None; revalidate any replacement"
"R11, R13, R15, R17, R19, R21, R30, R42, R44, R50, R56, R62, R63","13","RC0603FR-0710KL","C98220","0603","-55℃~+155℃ 100mW 10kΩ 75V Thick Film Resistor ±1% ±100ppm/℃ 0603 Chip Resistor - Surface Mount ROHS","Extended","22","SMT","None; revalidate any replacement"
"R12","1","RC0603FR-07130KL","C163432","0603","-55℃~+155℃ 100mW 130kΩ 75V Thick Film Resistor ±1% ±100ppm/℃ 0603 Chip Resistor - Surface Mount ROHS","Extended","16837","SMT","None; revalidate any replacement"
"R14, R22","2","RC0603FR-072K8L","C482810","0603","-55℃~+155℃ 100mW 2.8kΩ 75V Thick Film Resistor ±1% ±100ppm/℃ 0603 Chip Resistor - Surface Mount ROHS","Extended","11","SMT","None; revalidate any replacement"
"C10, C17, C43","3","GRM188R71H103KA01D","C77053","0603","10nF 50V X7R ±10% 0603 Multilayer Ceramic Capacitors MLCC - SMD/SMT ROHS","Extended","646665","SMT","None; revalidate any replacement"
"C11, C13, C14, C16, C18, C20, C22, C24, C30, C31, C33, C40, C42, C44, C50, C51, C52","17","GRM188R71H104KA93D","C77055","0603","100nF 50V X7R ±10% 0603 Multilayer Ceramic Capacitors MLCC - SMD/SMT ROHS","Extended","318126","SMT","None; revalidate any replacement"
"Q2, Q3, Q1","3","AO3400A","C20917","SOT-23","-55℃~+150℃ 1 N-channel 1.45V 1.4W 30V 48mΩ@2.5V 5.7A 50pF 630pF 75pF 7nC@10V N-Channel SOT-23 MOSFETs ROHS","Basic","1535925","SMT","None; revalidate any replacement"
"U4","1","TPS54202DDCR","C191884","SOT-23-6","-40℃~+125℃@(TJ) 1 2A 4.5V~28V 45uA 500kHz Adjustable Buck Buck Built-in Yes SOT-23-6 DC-DC Converters ROHS","Extended","180809","SMT","None; revalidate any replacement"
"L1","1","SRP7050TA-150M","C2045384","SMD,7.3x6.6mm","15uH 3.5A 6A 81mΩ ±20% SMD,7.3x6.6mm Power Inductors ROHS","Extended","1512","SMT","None; revalidate any replacement"
"C15","1","25SVPF47M","C136280","SMD D6.3 x H5.9 mm","47uF ±20% 25V polymer; ESR 30mohm; ripple 2.8A","Unconfirmed; procure from LCSC","1440","Hand solder or consignment","None; revalidate any replacement"
"C19","1","CL10C470JB8NNNC","C1671","0603","47pF 50V C0G ±5% 0603 Multilayer Ceramic Capacitors MLCC - SMD/SMT ROHS","Basic","360883","SMT","None; revalidate any replacement"
"R18","1","RC0603FR-0780K6L","C482928","0603","-55℃~+155℃ 100mW 75V 80.6kΩ Thick Film Resistor ±1% ±100ppm/℃ 0603 Chip Resistor - Surface Mount ROHS","Extended","1212","SMT","None; revalidate any replacement"
"U6","1","DRV8874PWPR","C1855818","HTSSOP-16-EP","-40℃~+125℃ 1 200mΩ 750nA 9A Yes HTSSOP-16-EP Brushed DC Motor Drivers ROHS","Extended","10589","SMT","None; revalidate any replacement"
"J2","1","KF350-3.5-2P","C474892","插件,P=3.5mm","-40℃~+105℃ 0.75 1 10A 18~24 1x2P 2 2P 3.5mm 300V Green Through Hole 插件,P=3.5mm Screw Terminal Blocks ROHS","Extended","6355","Through-hole; hand solder","None; revalidate any replacement"
"C21","1","GRM188R71H223KA01D","C77056","0603","22nF 50V X7R ±10% 0603 Multilayer Ceramic Capacitors MLCC - SMD/SMT ROHS","Extended","20387","SMT","None; revalidate any replacement"
"C23","1","EEEFK1E471AP","C401717","SMD,D10xL10.2mm","-55℃~+105℃ 10.5mm 10mm 2000hrs@105℃ 25V 470uF 552.5mA@120Hz ±20% SMD,D10xL10.2mm Aluminum Electrolytic Capacitors - SMD ROHS","Extended","201","SMT","None; revalidate any replacement"
"R31, R43","2","RC0603FR-07820KL","C141684","0603","-55℃~+155℃ 100mW 75V 820kΩ Thick Film Resistor ±1% ±100ppm/℃ 0603 Chip Resistor - Surface Mount ROHS","Extended","704","SMT","None; revalidate any replacement"
"R32, R60, R64, R65, R66","5","0603WAF1001T5E","C21190","0603","-55℃~+155℃ 100mW 1kΩ 75V Thick Film Resistor ±1% ±100ppm/℃ 0603 Chip Resistor - Surface Mount ROHS","Basic","8013731","SMT","None; revalidate any replacement"
"U7","1","LM4040B25IDBZR","C701880","SOT-23","-40℃~+85℃ 100ppm/℃ 15mA 2.5V 35uVrms 45uA 45uA Fixed Parallel ±0.2% SOT-23 Voltage Reference ROHS","Extended","95","SMT","None; revalidate any replacement"
"R40","1","RC0603FR-074K7L","C99782","0603","-55℃~+155℃ 100mW 4.7kΩ 75V Thick Film Resistor ±1% ±100ppm/℃ 0603 Chip Resistor - Surface Mount ROHS","Extended","20923","SMT","None; revalidate any replacement"
"U8","1","LM393BIDR","C2865059","SOIC-8","-40℃~+85℃ 0.5nA 1us 1us 2 2V~36V 3.5nA 36V 370uV 400uA ESD protection Open-drain TTL、CMOS SOIC-8 Comparators ROHS","Extended","82085","SMT","None; revalidate any replacement"
"R41","1","RC0603FR-0743K2L","C137720","0603","-55℃~+155℃ 100mW 43.2kΩ 75V Thick Film Resistor ±1% ±100ppm/℃ 0603 Chip Resistor - Surface Mount ROHS","Extended","2793","SMT","None; revalidate any replacement"
"D6","1","BZT52C9V1-7-F","C260913","SOD-123","-65℃~+150℃ 1 Independent 100Ω 15Ω 370mW 500nA 8.5V~9.6V 9.1V SOD-123 Zener Diodes ROHS","Extended","1349","SMT","None; revalidate any replacement"
"R70, R71, R72, R73, R74, R75, R76, R77","8","CRM2512AJW-201ELF","C2082768","2512","-55℃~+155℃ 200Ω 2W Thick Film Resistor ±200ppm/℃ ±5% 2512 Chip Resistor - Surface Mount ROHS","Extended","84","SMT","None; revalidate any replacement"
"R46","1","RC0603FR-0727K4L","C165753","0603","-55℃~+155℃ 100mW 27.4kΩ 75V Thick Film Resistor ±1% ±100ppm/℃ 0603 Chip Resistor - Surface Mount ROHS","Extended","87","SMT","None; revalidate any replacement"
"R78","1","NCP18XH103F03RB","C13564","0603","-40℃~+125℃ 0.8mm 1.6mm 100mW 10kΩ 1mW/℃ 310uA 3380K 3434K 3455K ±1% ±1% 0603 NTC Thermistors ROHS","Extended","398625","SMT","None; revalidate any replacement"
"R47","1","RC0603FR-07240KL","C137765","0603","-55℃~+155℃ 100mW 240kΩ 75V Thick Film Resistor ±1% ±100ppm/℃ 0603 Chip Resistor - Surface Mount ROHS","Extended","22","SMT","None; revalidate any replacement"
"R48, R54","2","RC0603FR-0726K7L","C137756","0603","-55℃~+155℃ 100mW 26.7kΩ 75V Thick Film Resistor ±1% ±100ppm/℃ 0603 Chip Resistor - Surface Mount ROHS","Extended","12","SMT","None; revalidate any replacement"
"U9","1","STM32C011F4P6","C5452432","TSSOP-20","-40℃~+85℃ 16KB 18 2V~3.6V 32 Bit 48MHz 6KB ARM Cortex-M0+ Built-in+External FLASH TSSOP-20 Microcontrollers (MCU/MPU/SOC) ROHS","Extended","1268","SMT","None; revalidate any replacement"
"R51, R52","2","RC0603FR-073K3L","C108078","0603","-55℃~+155℃ 100mW 3.3kΩ 75V Thick Film Resistor ±1% ±100ppm/℃ 0603 Chip Resistor - Surface Mount ROHS","Extended","16","SMT","None; revalidate any replacement"
"U10","1","SN74LVC1G08DBVR","C7666","SOT-23-5","-40℃~+125℃ 1 1.2V、1.9V、2.3V、3.8V 1.65V~5.5V 1.7V、2V 10uA 2 300mV、450mV、550mV 32mA 32mA 4ns@5V,50pF 700mV、800mV 74LVC Series AND Gate Overvoltage-tolerant input、Rear drive protection、Level shifting、Local shutdown mode、Live insertion protection SOT-23-5 Logic Gates ROHS","Extended","232163","SMT","None; revalidate any replacement"
"J5","1","S5B-PH-SM4-TB(LF)(SN)","C265104","SMD,P=2mm,卧贴","-25℃~+85℃ 1 100V 13.9mm 1x5P 2A 2mm 5 5.5mm 5P 8.6mm Auxiliary Solder Pin Beige Copper alloy PA PH Surface Mount, Right Angle Tin UL94V-0 SMD,P=2mm,卧贴 Wire To Board Connector ROHS","Extended","4492","SMT","None; revalidate any replacement"
"J3, J4","2","B3B-PH-K-S(LF)(SN)","C131339","插件,P=2mm","-25℃~+85℃ 1 100V 1x3P 2A 2mm 3 3P 4.5mm 6mm 7.9mm Brass K Pin PA66 PH Through Hole Tin UL94V-0 White 插件,P=2mm Wire To Board Connector ROHS","Extended","214823","Through-hole; hand solder","None; revalidate any replacement"
"D3","1","LTST-C190TBKT","C125096","0603","-20℃~+80℃ 104mcd 130° 20mA 3.3V 465nm~475nm 468nm 76mW Blue Discrete Diode Water Clear 0603 LED Indication - Discrete ROHS","Extended","61677","SMT","None; revalidate any replacement"
"D4","1","LTST-C190KGKT","C125094","0603","-30℃~+85℃ 130° 20mA 2V 35mcd 567.5nm~576.5nm 574nm 75mW Discrete Diode Water Clear Yellow Green 0603 LED Indication - Discrete ROHS","Extended","357290","SMT","None; revalidate any replacement"
"D5","1","LTST-C190KRKT","C94869","0603","-30℃~+85℃ 130° 20mA 2V 62.5mW 631nm 639nm 99mcd Discrete Diode Red Water Clear 0603 LED Indication - Discrete ROHS","Extended","6","SMT","None; revalidate any replacement"
